{"v":"5.8.1","fr":24,"ip":0,"op":95,"w":1920,"h":1080,"nm":"MONEY HAPPY FINAL","ddd":0,"assets":[{"id":"image_0","w":645,"h":645,"u":"images/","p":"img_0.png","e":0},{"id":"image_1","w":468,"h":468,"u":"images/","p":"img_1.png","e":0},{"id":"comp_0","nm":"MONEY HAPPY","fr":24,"layers":[{"ddd":0,"ind":1,"ty":0,"nm":"FACE_MAIN","refId":"comp_1","sr":1,"ks":{"o":{"a":0,"k":100,"ix":11},"r":{"a":0,"k":0,"ix":10},"p":{"a":1,"k":[{"i":{"x":0.75,"y":1},"o":{"x":0.25,"y":0},"t":0,"s":[960,540,0],"to":[0,-8,0],"ti":[0,8,0]},{"t":48,"s":[960,492,0]}],"ix":2,"l":2,"x":"var $bm_rt;\n$bm_rt = loopOut();"},"a":{"a":0,"k":[362.5,376.5,0],"ix":1,"l":2},"s":{"a":0,"k":[123.108,123.108,100],"ix":6,"l":2}},"ao":0,"w":725,"h":753,"ip":0,"op":48,"st":0,"bm":0},{"ddd":0,"ind":2,"ty":1,"nm":"Pale Red Solid 3","parent":1,"sr":1,"ks":{"o":{"a":0,"k":100,"ix":11},"r":{"a":0,"k":0,"ix":10},"p":{"a":0,"k":[362.5,383.612,0],"ix":2,"l":2},"a":{"a":0,"k":[960,540,0],"ix":1,"l":2},"s":{"a":0,"k":[81.23,81.23,100],"ix":6,"l":2}},"ao":0,"hasMask":true,"masksProperties":[{"inv":false,"mode":"a","pt":{"a":0,"k":{"i":[[188.108,0],[0,-188.108],[-188.108,0],[0,188.108]],"o":[[-188.108,0],[0,188.108],[188.108,0],[0,-188.108]],"v":[[967.599,192],[627,532.599],[967.599,873.199],[1308.199,532.599]],"c":true},"ix":1},"o":{"a":0,"k":100,"ix":3},"x":{"a":0,"k":0,"ix":4},"nm":"Mask 1"}],"sw":1920,"sh":1080,"sc":"#fffdfd","ip":0,"op":48,"st":0,"bm":0}]},{"id":"comp_1","nm":"FACE_MAIN","fr":24,"layers":[{"ddd":0,"ind":1,"ty":5,"nm":"$ 2","sr":1,"ks":{"o":{"a":0,"k":100,"ix":11},"r":{"a":0,"k":0,"ix":10},"p":{"a":0,"k":[473.618,323.701,0],"ix":2,"l":2},"a":{"a":0,"k":[-150.382,-191.799,0],"ix":1,"l":2},"s":{"a":1,"k":[{"i":{"x":[0,0,0],"y":[1,1,1]},"o":{"x":[0.05,0.05,0.05],"y":[0,0,0]},"t":0,"s":[0,0,100]},{"i":{"x":[0,0,0],"y":[1,1,1]},"o":{"x":[0.167,0.167,0.167],"y":[0,0,0]},"t":19,"s":[138.569,138.569,100]},{"t":58,"s":[0,0,100]}],"ix":6,"l":2}},"ao":0,"t":{"d":{"k":[{"s":{"sz":[408,453],"ps":[-204,-226.5],"s":108,"f":"AkiraExpanded-SuperBold","t":"$","ca":0,"j":0,"tr":0,"lh":129.600006103516,"ls":0,"fc":[1,1,1],"sc":[0,0,0],"sw":1,"of":true},"t":0}]},"p":{},"m":{"g":1,"a":{"a":0,"k":[0,0],"ix":2}},"a":[]},"ip":0,"op":864,"st":0,"bm":0},{"ddd":0,"ind":2,"ty":5,"nm":"$","sr":1,"ks":{"o":{"a":0,"k":100,"ix":11},"r":{"a":0,"k":0,"ix":10},"p":{"a":0,"k":[268.618,321.701,0],"ix":2,"l":2},"a":{"a":0,"k":[-150.382,-191.799,0],"ix":1,"l":2},"s":{"a":1,"k":[{"i":{"x":[0,0,0],"y":[1,1,1]},"o":{"x":[0.05,0.05,0.05],"y":[0,0,0]},"t":0,"s":[0,0,100]},{"i":{"x":[0,0,0],"y":[1,1,1]},"o":{"x":[0.167,0.167,0.167],"y":[0,0,0]},"t":19,"s":[138.569,138.569,100]},{"t":58,"s":[0,0,100]}],"ix":6,"l":2}},"ao":0,"t":{"d":{"k":[{"s":{"sz":[408,453],"ps":[-204,-226.5],"s":108,"f":"AkiraExpanded-SuperBold","t":"$","ca":0,"j":0,"tr":0,"lh":129.600006103516,"ls":0,"fc":[1,1,1],"sc":[0,0,0],"sw":1,"of":true},"t":0}]},"p":{},"m":{"g":1,"a":{"a":0,"k":[0,0],"ix":2}},"a":[]},"ip":0,"op":864,"st":0,"bm":0},{"ddd":0,"ind":3,"ty":1,"nm":"Black Solid 7","sr":1,"ks":{"o":{"a":0,"k":100,"ix":11},"r":{"a":0,"k":0,"ix":10},"p":{"a":1,"k":[{"i":{"x":0.75,"y":1},"o":{"x":0.25,"y":0},"t":9,"s":[411.5,405.5,0],"to":[0,-1.667,0],"ti":[0,0,0]},{"i":{"x":0.75,"y":1},"o":{"x":0.25,"y":0},"t":40,"s":[411.5,395.5,0],"to":[0,0,0],"ti":[0,-1.667,0]},{"t":71,"s":[411.5,405.5,0]}],"ix":2,"l":2,"x":"var $bm_rt;\n$bm_rt = loopOut();"},"a":{"a":0,"k":[362.5,376.5,0],"ix":1,"l":2},"s":{"a":0,"k":[130.071,100,100],"ix":6,"l":2}},"ao":0,"hasMask":true,"masksProperties":[{"inv":false,"mode":"a","pt":{"a":0,"k":{"i":[[42.818,0],[0,-42.818],[-42.818,0],[0,42.818]],"o":[[-42.818,0],[0,42.818],[42.818,0],[0,-42.818]],"v":[[331.528,430],[254,507.528],[331.528,555.056],[409.056,507.528]],"c":true},"ix":1},"o":{"a":0,"k":100,"ix":3},"x":{"a":0,"k":0,"ix":4},"nm":"Mask 1"}],"sw":725,"sh":753,"sc":"#000000","ip":-11,"op":873,"st":9,"bm":0},{"ddd":0,"ind":4,"ty":1,"nm":"Black Solid 6","sr":1,"ks":{"o":{"a":0,"k":100,"ix":11},"r":{"a":0,"k":41.562,"ix":10},"p":{"a":1,"k":[{"i":{"x":0.75,"y":1},"o":{"x":0.25,"y":0},"t":0,"s":[429.5,266.5,0],"to":[3.333,3.333,0],"ti":[0,0,0]},{"i":{"x":0.75,"y":1},"o":{"x":0.25,"y":0},"t":35,"s":[449.5,286.5,0],"to":[0,0,0],"ti":[3.333,3.333,0]},{"t":70,"s":[429.5,266.5,0]}],"ix":2,"l":2},"a":{"a":0,"k":[362.5,376.5,0],"ix":1,"l":2},"s":{"a":0,"k":[-11.216,22.147,100],"ix":6,"l":2}},"ao":0,"sw":725,"sh":753,"sc":"#000000","ip":0,"op":864,"st":0,"bm":0},{"ddd":0,"ind":5,"ty":1,"nm":"Black Solid 6","sr":1,"ks":{"o":{"a":0,"k":100,"ix":11},"r":{"a":0,"k":39.729,"ix":10},"p":{"a":1,"k":[{"i":{"x":0.75,"y":1},"o":{"x":0.25,"y":0},"t":0,"s":[294.5,271.5,0],"to":[-3.333,3.333,0],"ti":[0,0,0]},{"i":{"x":0.75,"y":1},"o":{"x":0.25,"y":0},"t":35,"s":[274.5,291.5,0],"to":[0,0,0],"ti":[-3.333,3.333,0]},{"t":70,"s":[294.5,271.5,0]}],"ix":2,"l":2},"a":{"a":0,"k":[362.5,376.5,0],"ix":1,"l":2},"s":{"a":0,"k":[19.448,7.57,100],"ix":6,"l":2}},"ao":0,"sw":725,"sh":753,"sc":"#000000","ip":0,"op":864,"st":0,"bm":0},{"ddd":0,"ind":6,"ty":2,"nm":"ORB","refId":"image_0","sr":1,"ks":{"o":{"a":0,"k":100,"ix":11},"r":{"a":1,"k":[{"i":{"x":[0.833],"y":[0.833]},"o":{"x":[0.167],"y":[0.167]},"t":0,"s":[0]},{"t":425,"s":[360]}],"ix":10,"x":"var $bm_rt;\n$bm_rt = loopOut();"},"p":{"a":0,"k":[366.208,373.553,0],"ix":2,"l":2},"a":{"a":0,"k":[322.207,322.208,0],"ix":1,"l":2},"s":{"a":0,"k":[100,100,100],"ix":6,"l":2}},"ao":0,"ip":0,"op":864,"st":0,"bm":0},{"ddd":0,"ind":7,"ty":2,"nm":"FACE","refId":"image_1","sr":1,"ks":{"o":{"a":0,"k":100,"ix":11},"r":{"a":0,"k":0,"ix":10},"p":{"a":0,"k":[370.242,373.342,0],"ix":2,"l":2},"a":{"a":0,"k":[233.581,233.581,0],"ix":1,"l":2},"s":{"a":0,"k":[100,100,100],"ix":6,"l":2}},"ao":0,"ip":0,"op":864,"st":0,"bm":0}]}],"fonts":{"list":[{"fName":"AkiraExpanded-SuperBold","fFamily":"Akira Expanded","fStyle":"Super Bold","ascent":66.5288696289062}]},"layers":[{"ddd":0,"ind":1,"ty":0,"nm":"MONEY HAPPY","refId":"comp_0","sr":-1,"ks":{"o":{"a":0,"k":100,"ix":11},"r":{"a":0,"k":0,"ix":10},"p":{"a":0,"k":[960,540,0],"ix":2,"l":2},"a":{"a":0,"k":[960,540,0],"ix":1,"l":2},"s":{"a":0,"k":[100,100,100],"ix":6,"l":2}},"ao":0,"w":1920,"h":1080,"ip":95.992,"op":47.992,"st":96,"bm":0},{"ddd":0,"ind":2,"ty":0,"nm":"MONEY HAPPY","refId":"comp_0","sr":1,"ks":{"o":{"a":0,"k":100,"ix":11},"r":{"a":0,"k":0,"ix":10},"p":{"a":0,"k":[960,540,0],"ix":2,"l":2},"a":{"a":0,"k":[960,540,0],"ix":1,"l":2},"s":{"a":0,"k":[100,100,100],"ix":6,"l":2}},"ao":0,"w":1920,"h":1080,"ip":0,"op":48,"st":0,"bm":0}],"markers":[],"chars":[{"ch":"$","size":108,"style":"Super Bold","w":88.38,"data":{"shapes":[{"ty":"gr","it":[{"ind":0,"ty":"sh","ix":1,"ks":{"a":0,"k":{"i":[[0,1.904],[-8.105,0.781],[0,0]],"o":[[0,-2.051],[0,0],[-8.35,-0.293]],"v":[[27.1,-44.629],[37.012,-50.391],[37.012,-42.041]],"c":true},"ix":2},"nm":"$","mn":"ADBE Vector Shape - Group","hd":false},{"ind":1,"ty":"sh","ix":2,"ks":{"a":0,"k":{"i":[[0,-2.197],[9.18,-0.977],[0,0]],"o":[[0,1.904],[0,0],[9.326,0.391]],"v":[[62.256,-22.559],[51.416,-16.602],[51.416,-25.732]],"c":true},"ix":2},"nm":"$","mn":"ADBE Vector Shape - Group","hd":false},{"ind":2,"ty":"sh","ix":3,"ks":{"a":0,"k":{"i":[[0,0],[-23.193,-0.879],[0,0],[0,0],[0,0],[0,15.381],[22.412,1.025],[0,0],[0,-2.197],[0,0],[21.533,1.074],[0,0],[0,0],[0,0],[0,-12.451],[-5.42,-2.881],[-12.5,-0.635],[0,0],[0,2.441]],"o":[[-0.049,16.699],[0,0],[0,0],[0,0],[23.145,-0.879],[0,-14.551],[0,0],[6.396,1.025],[0,0],[0,-13.965],[0,0],[0,0],[0,0],[-22.803,1.123],[0,6.592],[5.42,2.881],[0,0],[-8.936,-1.074],[0,0]],"v":[[0.977,-22.852],[37.012,-0.391],[37.012,9.766],[51.416,9.766],[51.416,-0.439],[87.402,-23.096],[51.416,-41.504],[51.416,-49.951],[60.986,-45.117],[86.133,-45.117],[51.416,-66.406],[51.416,-76.66],[37.012,-76.66],[37.012,-66.455],[1.953,-45.752],[10.107,-31.543],[37.012,-26.27],[37.012,-16.699],[26.123,-22.852]],"c":true},"ix":2},"nm":"$","mn":"ADBE Vector Shape - Group","hd":false}],"nm":"$","np":6,"cix":2,"bm":0,"ix":1,"mn":"ADBE Vector Group","hd":false}]},"fFamily":"Akira Expanded"}]}